,0,1,2,3,4,5,6,7,8,9,10,11,12,13,14,15,16,17,18
0,,"
North America
","24,889,808","+209,938","534,030","+4,104","15,387,566","+116,364","8,968,212","35,696",,,,,,North America,"
",,
1,,"
Asia
","21,140,900","+84,414","344,051","+1,058","19,648,119","+77,999","1,148,730","24,354",,,,,,Asia,"
",,
2,,"
South America
","13,537,214","+60,557","368,940",+974,"12,099,227","+2,832","1,069,047","18,183",,,,,,South America,"
",,
3,,"
Europe
","24,937,073","+265,860","569,930","+5,342","13,383,398","+144,422","10,983,745","28,119",,,,,,Europe,"
",,
4,,"
Africa
","2,903,318","+9,311","69,032",+182,"2,393,643","+6,829","440,643","2,368",,,,,,Africa,"
",,
5,,"
Oceania
","48,730",+17,"1,066",,"33,599",+12,"14,065",20,,,,,,Australia/Oceania,"
",,
6,,"

",721,,15,,706,,0,0,,,,,,,"
",,
7,,World,"87,457,764","+630,097","1,887,064","+11,660","62,946,258","+348,458","22,624,442","108,740","11,220",242.1,,,,All,"
",,
8,1,USA,"21,776,661","+190,100","368,748 ","+2,889","12,966,905","+101,663","8,441,008","29,815","65,592","1,111","263,145,348","792,600","332,002,717 ",North America,15,900,1
9,2,India,"10,395,938","+20,460","150,372 ",+221,"10,016,163","+19,662","229,403","8,944","7,495",108,"177,463,405","127,950","1,386,975,123 ",Asia,133,"9,224",8
10,3,Brazil,"7,867,156","+55,149","198,657 ",+880,"6,963,407",,"705,092","8,318","36,877",931,"28,600,000","134,060","213,337,236 ",South America,27,"1,074",7
11,4,Russia,"3,308,601","+24,217","59,951 ",+445,"2,685,723","+23,055","562,927","2,300","22,667",411,"92,300,000","632,335","145,966,823 ",Europe,44,"2,435",2
12,5,UK,"2,836,801","+62,322","77,346 ","+1,041","1,345,824","+19,545","1,413,631","2,645","41,675","1,136","57,652,433","846,960","68,069,826 ",Europe,24,880,1
13,6,France,"2,705,618","+25,379","66,565 ",+283,"198,756","+1,253","2,440,297","2,616","41,403","1,019","36,457,261","557,893","65,348,117 ",Europe,24,982,2
14,7,Turkey,"2,283,931","+13,830","22,070 ",+191,"2,164,040","+8,702","97,821","3,303","26,932",260,"25,498,210","300,669","84,805,018 ",Asia,37,"3,843",3
15,8,Italy,"2,201,945","+20,331","76,877 ",+548,"1,556,356","+20,227","568,712","2,571","36,447","1,272","27,317,974","452,166","60,415,791 ",Europe,27,786,2
16,9,Spain,"1,982,544",,"51,430 ",,N/A,N/A,N/A,"2,220","42,395","1,100","27,839,319","595,313","46,764,144 ",Europe,24,909,2
17,10,Germany,"1,840,943","+26,366","38,183 ","+1,003","1,451,000","+26,300","351,760","5,569","21,936",455,"34,801,593","414,689","83,922,229 ",Europe,46,"2,198",2
18,11,Colombia,"1,702,966",,"44,426 ",,"1,559,010",,"99,530","3,482","33,286",868,"8,353,073","163,269","51,161,365 ",South America,30,"1,152",6
19,12,Argentina,"1,662,730",,"43,785 ",,"1,466,616",,"152,329","3,460","36,617",964,"5,001,234","110,138","45,408,952 ",South America,27,"1,037",9
20,13,Mexico,"1,466,490","+11,271","128,822 ","+1,065","1,113,137","+7,303","224,531","3,913","11,313",994,"3,711,777","28,634","129,628,383 ",North America,88,"1,006",35
21,14,Poland,"1,344,763","+14,151","30,055 ",+553,"1,087,744","+8,852","226,964","1,606","35,552",795,"7,443,579","196,789","37,825,153 ",Europe,28,"1,259",5
22,15,Iran,"1,261,903","+6,283","55,830 ",+82,"1,040,521","+11,493","165,552","4,780","14,926",660,"7,939,633","93,911","84,544,087 ",Asia,67,"1,514",11
23,16,South Africa,"1,127,759",,"30,524 ",,"920,879",,"176,356",546,"18,893",511,"6,828,147","114,389","59,692,090 ",Africa,53,"1,956",9
24,17,Ukraine,"1,090,496","+6,911","19,357 ",+228,"761,898","+14,490","309,241",177,"25,013",444,"5,645,178","129,485","43,597,316 ",Europe,40,"2,252",8
25,18,Peru,"1,022,018",,"37,925 ",,"960,896",,"23,197","1,305","30,777","1,142","5,581,668","168,086","33,207,117 ",South America,32,876,6
26,19,Netherlands,"841,163","+7,099","11,999 ",+173,N/A,N/A,N/A,704,"49,035",699,"6,001,738","349,865","17,154,455 ",Europe,20,"1,430",3
27,20,Indonesia,"788,402","+8,854","23,296 ",+187,"652,513","+6,767","112,593",,"2,867",85,"7,645,288","27,800","275,008,824 ",Asia,349,"11,805",36
28,21,Czechia,"776,967","+17,278","12,436 ",+90,"638,183",+492,"126,348","1,004","72,483","1,160","3,880,950","362,054","10,719,246 ",Europe,14,862,3
29,22,Romania,"654,007","+5,719","16,299 ",+121,"586,764","+4,908","50,944","1,070","34,114",850,"4,902,726","255,736","19,171,018 ",Europe,29,"1,176",4
30,23,Belgium,"652,735","+1,848","19,827 ",+77,"45,303",,"587,605",430,"56,195","1,707","7,052,844","607,185","11,615,638 ",Europe,18,586,2
31,24,Chile,"625,483","+2,382","16,816 ",+28,"591,081","+2,000","17,586",820,"32,576",876,"6,661,323","346,933","19,200,584 ",South America,31,"1,142",3
32,25,Canada,"625,051","+6,405","16,336 ",+103,"529,439","+5,875","79,276",829,"16,487",431,"14,180,625","374,038","37,912,302 ",North America,61,"2,321",3
33,26,Iraq,"599,965",+839,"12,865 ",+9,"549,346","+1,889","37,754",140,"14,748",316,"4,740,864","116,535","40,681,779 ",Asia,68,"3,162",9
34,27,Bangladesh,"518,898",+978,"7,687 ",+17,"463,480","+1,021","47,731",,"3,135",46,"3,302,429","19,950","165,532,286 ",Asia,319,"21,534",50
35,28,Pakistan,"492,594","+2,118","10,461 ",+52,"448,393","+4,033","33,740","2,243","2,208",47,"6,923,857","31,038","223,080,072 ",Asia,453,"21,325",32
36,29,Philippines,"480,737","+1,047","9,347 ",+26,"448,700",+339,"22,690",727,"4,357",85,"6,894,499","62,491","110,328,496 ",Asia,229,"11,804",16
37,30,Switzerland,"470,789","+4,808","8,109 ",+91,"317,600",,"145,080",410,"54,193",933,"3,765,936","433,504","8,687,199 ",Europe,18,"1,071",2
38,31,Sweden,"469,748",,"8,985 ",,N/A,N/A,N/A,377,"46,364",887,"4,516,665","445,795","10,131,703 ",Europe,22,"1,128",2
39,32,Israel,"462,209","+6,070","3,512 ",+17,"397,896","+4,185","60,801",887,"50,253",382,"8,488,069","922,858","9,197,590 ",Asia,20,"2,619",1
40,33,Morocco,"447,081","+1,642","7,618 ",+37,"418,744","+2,036","20,719",701,"12,039",205,"4,541,376","122,294","37,135,001 ",Africa,83,"4,875",8
41,34,Portugal,"446,606","+10,027","7,377 ",+91,"352,225","+3,115","87,004",513,"43,865",725,"5,791,428","568,830","10,181,300 ",Europe,23,"1,380",2
42,35,Austria,"372,190","+2,469","6,525 ",+68,"344,974","+1,935","20,691",361,"41,204",722,"3,857,382","427,038","9,032,878 ",Europe,24,"1,384",2
43,36,Saudi Arabia,"363,377",+118,"6,272 ",+7,"354,899",+144,"2,206",351,"10,355",179,"11,214,105","319,570","35,091,237 ",Asia,97,"5,595",3
44,37,Serbia,"352,120","+2,882","3,444 ",+39,"31,536",,"317,140",234,"40,385",395,"2,358,102","270,452","8,719,117 ",Europe,25,"2,532",4
45,38,Hungary,"331,768","+2,047","10,198 ",+118,"179,541","+2,965","142,029",396,"34,389","1,057","2,750,625","285,109","9,647,641 ",Europe,29,946,4
46,39,Jordan,"302,856","+1,553","3,955 ",+15,"282,727","+1,707","16,174",210,"29,532",386,"3,316,615","323,409","10,255,171 ",Asia,34,"2,593",3
47,40,Nepal,"263,193",+409,"1,899 ",+6,"256,161",+495,"5,133",,"8,951",65,"1,964,160","66,798","29,404,407 ",Asia,112,"15,484",15
48,41,Panama,"259,770",,"4,238 ",,"206,087",,"49,445",227,"59,724",974,"1,355,313","311,601","4,349,510 ",North America,17,"1,026",3
49,42,Japan,"252,317","+4,357","3,719 ",+64,"207,039","+3,618","41,559",784,"1,998",29,"5,129,612","40,622","126,275,772 ",Asia,500,"33,954",25
50,43,Georgia,"233,879","+1,800","2,666 ",+20,"223,276",+489,"7,937",,"58,687",669,"1,918,428","481,388","3,985,201 ",Asia,17,"1,495",2
51,44,Azerbaijan,"222,200",+799,"2,818 ",+26,"201,596","+2,383","17,786",,"21,814",277,"2,231,993","219,120","10,186,158 ",Asia,46,"3,615",5
52,45,UAE,"218,766","+2,067",689 ,+4,"195,520","+2,199","22,557",,"21,983",69,"21,740,209","2,184,573","9,951,696 ",Asia,45,"14,444",0
53,46,Ecuador,"217,377","+1,294","14,146 ",+43,"190,350",,"12,881",390,"12,226",796,"762,739","42,898","17,780,151 ",South America,82,"1,257",23
54,47,Croatia,"216,286","+1,896","4,223 ",+44,"205,078",+775,"6,985",209,"52,854","1,032","1,051,597","256,981","4,092,119 ",Europe,19,969,4
55,48,Bulgaria,"205,390",,"7,902 ",,"126,766",,"70,722",393,"29,675","1,142","1,185,140","171,232","6,921,256 ",Europe,34,876,6
56,49,Belarus,"204,958","+1,855","1,480 ",+9,"186,394","+1,820","17,084",,"21,694",157,"4,068,847","430,670","9,447,715 ",Europe,46,"6,384",2
57,50,Lebanon,"199,925","+4,166","1,550 ",+21,"136,566",+970,"61,809",503,"29,359",228,"2,110,659","309,954","6,809,587 ",Asia,34,"4,393",3
58,51,Slovakia,"196,047","+4,959","2,657 ",+54,"135,760","+2,908","57,630",457,"35,899",487,"1,488,057","272,488","5,461,010 ",Europe,28,"2,055",4
59,52,Dominican Republic,"176,378",+529,"2,419 ",,"134,932",+601,"39,027",282,"16,176",222,"889,180","81,548","10,903,792 ",North America,62,"4,508",12
60,53,Denmark,"174,995","+2,216","1,450 ",+30,"144,855","+2,798","28,690",137,"30,157",250,"10,994,946","1,894,789","5,802,729 ",Europe,33,"4,002",1
61,54,Costa Rica,"173,591",,"2,248 ",,"133,607",,"37,736",254,"33,918",439,"506,685","99,000","5,118,030 ",North America,29,"2,277",10
62,55,Bolivia,"165,268","+1,597","9,241 ",+22,"134,503",+832,"21,524",71,"14,060",786,"429,076","36,503","11,754,599 ",South America,71,"1,272",27
63,56,Armenia,"160,853",+309,"2,890 ",+12,"146,576",+817,"11,387",,"54,230",974,"601,768","202,882","2,966,104 ",Asia,18,"1,026",5
64,57,Kazakhstan,"159,044",+742,"2,262 ",,"145,979",+785,"10,803",221,"8,419",120,"5,250,104","277,902","18,891,918 ",Asia,119,"8,352",4
65,58,Kuwait,"152,438",+411,938 ,,"148,015",+231,"3,485",56,"35,427",218,"1,287,755","299,276","4,302,900 ",Asia,28,"4,587",3
66,59,Lithuania,"152,215","+2,717","2,036 ",+40,"83,837","+2,207","66,342",206,"56,324",753,"1,685,772","623,790","2,702,466 ",Europe,18,"1,327",2
67,60,Tunisia,"149,881","+2,820","5,004 ",+70,"111,599","+1,275","33,278",355,"12,614",421,"650,964","54,785","11,882,127 ",Africa,79,"2,375",18
68,61,Moldova,"147,871",+950,"3,088 ",+18,"135,911","+1,160","8,872",268,"36,701",766,"569,762","141,412","4,029,106 ",Europe,27,"1,305",7
69,62,Qatar,"145,061",+209,245 ,,"142,182",+126,"2,634",32,"51,663",87,"1,266,662","451,122","2,807,805 ",Asia,19,"11,460",2
70,63,Egypt,"144,583",,"7,918  ",,"115,414",,"21,251",90,"1,399",77,"1,000,000","9,679","103,319,316 ",Africa,715,"13,049",103
71,64,Palestine,"144,257","+1,088","1,519 ",+14,"126,110","+1,585","16,628",115,"27,947",294,"914,804","177,229","5,161,720 ",Asia,36,"3,398",6
72,65,Greece,"142,267",+814,"5,099 ",+48,"9,989",,"127,179",399,"13,684",490,"3,494,993","336,166","10,396,633 ",Europe,73,"2,039",3
73,66,Guatemala,"140,202",+783,"4,899 ",+40,"128,952",+597,"6,351",5,"7,753",271,"653,058","36,111","18,084,727 ",North America,129,"3,692",28
74,67,Slovenia,"131,724","+3,354","2,899 ",+31,"107,103","+2,115","21,722",183,"63,357","1,394","697,182","335,331","2,079,086 ",Europe,16,717,3
75,68,Oman,"129,888",+114,"1,504 ",+2,"122,456",+50,"5,928",26,"25,111",291,"571,472","110,482","5,172,556 ",Asia,40,"3,439",9
76,69,Myanmar,"128,178",+594,"2,785 ",+19,"111,401",+596,"13,992",,"2,348",51,"1,921,668","35,197","54,597,623 ",Asia,426,"19,604",28
77,70,Ethiopia,"126,786",+545,"1,965 ",+2,"112,974",+161,"11,847",230,"1,089",17,"1,831,857","15,736","116,409,942 ",Africa,918,"59,242",64
78,71,Malaysia,"125,438","+2,593",513 ,+4,"100,578","+1,129","24,347",141,"3,850",16,"3,492,902","107,215","32,578,587 ",Asia,260,"63,506",9
79,72,Honduras,"123,822",+424,"3,186 ",+5,"57,348",,"63,288",223,"12,401",319,"309,827","31,029","9,985,175 ",North America,81,"3,134",32
80,73,Ireland,"121,154","+7,832","2,299 ",+17,"23,364",,"95,491",88,"24,396",463,"2,520,382","507,518","4,966,096 ",Europe,41,"2,160",2
81,74,Venezuela,"114,662",,"1,042 ",,"108,732",,"4,888",80,"4,038",37,"2,419,991","85,228","28,394,184 ",South America,248,"27,250",12
82,75,Bosnia and Herzegovina,"113,392",,"4,211 ",,"79,465",,"29,716",,"34,674","1,288","524,907","160,511","3,270,220 ",Europe,29,777,6
83,76,Paraguay,"110,796",,"2,321 ",,"86,786",,"21,689",165,"15,437",323,"571,215","79,584","7,177,470 ",South America,65,"3,092",13
84,77,Libya,"102,880",+424,"1,546 ",+10,"77,435","+1,191","23,899",,"14,869",223,"563,239","81,403","6,919,164 ",Africa,67,"4,476",12
85,78,Algeria,"100,873",,"2,782 ",,"68,185",,"29,906",42,"2,279",63,,,"44,255,358 ",Africa,439,"15,908",
86,79,Kenya,"97,398",+271,"1,694 ",+4,"79,966",+609,"15,738",27,"1,791",31,"1,070,249","19,683","54,374,194 ",Africa,558,"32,098",51
87,80,Bahrain,"94,284",+289,353 ,+1,"91,431",+218,"2,500",12,"54,456",204,"2,428,216","1,402,481","1,731,372 ",Asia,18,"4,905",1
88,81,Nigeria,"92,705",,"1,319 ",,"76,396",,"14,990",10,444,6,"980,046","4,695","208,734,564 ",Africa,"2,252","158,252",213
89,82,North Macedonia,"85,328",+619,"2,571 ",+12,"65,793","+1,689","16,964",138,"40,958","1,234","409,991","196,796","2,083,330 ",Europe,24,810,5
90,83,Kyrgyzstan,"81,656",+144,"1,361 ",+1,"77,170",+215,"3,125",50,"12,411",207,"602,538","91,582","6,579,222 ",Asia,81,"4,834",11
91,84,Uzbekistan,"77,350",+55,615 ,+1,"75,650",+105,"1,085",155,"2,294",18,"1,377,915","40,866","33,717,554 ",Asia,436,"54,825",24
92,85,S. Korea,"65,818",+839,"1,027  ",+20,"46,995",+823,"17,796",411,"1,283",20,"4,504,868","87,828","51,291,997 ",Asia,779,"49,944",11
93,86,Albania,"61,008",+725,"1,217 ",+7,"36,102",+551,"23,689",39,"21,212",423,"268,408","93,321","2,876,170 ",Europe,47,"2,363",11
94,87,Singapore,"58,780",+31,29 ,,"58,541",+24,210,1,"10,007",5,"5,617,894","956,398","5,874,015 ",Asia,100,"202,552",1
95,88,Ghana,"55,168",,335 ,,"53,928",,905,12,"1,757",11,"672,364","21,411","31,403,397 ",Africa,569,"93,741",47
96,89,Afghanistan,"53,207",+102,"2,253 ",+9,"42,840",+174,"8,114",93,"1,351",57,"209,244","5,314","39,374,432 ",Asia,740,"17,476",188
97,90,Norway,"52,458",+278,465 ,+13,"37,658",,"14,335",28,"9,638",85,"2,877,602","528,674","5,443,052 ",Europe,104,"11,705",2
98,91,Montenegro,"50,697",+643,705 ,+6,"40,638",+269,"9,354",68,"80,714","1,122","189,907","302,348","628,107 ",Europe,12,891,3
99,92,Luxembourg,"47,430",+281,517 ,+3,"43,712",+244,"3,201",28,"75,144",819,"1,705,947","2,702,769","631,185 ",Europe,13,"1,221",0
100,93,El Salvador,"47,355",,"1,373 ",,"42,225",,"3,757",80,"7,282",211,"633,608","97,432","6,503,077 ",North America,137,"4,736",10
101,94,Sri Lanka,"46,248",+522,219 ,+2,"39,023",+761,"7,006",,"2,155",10,"1,311,792","61,129","21,459,562 ",Asia,464,"97,989",16
102,95,Latvia,"45,171","+1,229",754 ,+32,"30,892",,"13,525",68,"24,087",402,"921,217","491,228","1,875,334 ",Europe,42,"2,487",2
103,96,Finland,"37,549",+331,576 ,,"31,000",,"5,973",25,"6,771",104,"2,527,218","455,751","5,545,168 ",Europe,148,"9,627",2
104,97,Uganda,"36,702",+295,294 ,+4,"12,494",+107,"23,914",,790,6,"766,664","16,498","46,470,668 ",Africa,"1,266","158,063",61
105,98,Estonia,"30,667",+723,261 ,+3,"21,071",+564,"9,335",40,"23,110",197,"655,223","493,764","1,326,996 ",Europe,43,"5,084",2
106,99,Australia,"28,536",+13,909 ,,"25,802",+12,"1,825",,"1,112",35,"11,691,000","455,759","25,651,696 ",Australia/Oceania,899,"28,220",2
107,100,Cameroon,"26,848",,448 ,,"24,892",,"1,508",46,999,17,"149,000","5,543","26,881,450 ",Africa,"1,001","60,003",180
108,101,Namibia,"26,319",+432,235 ,+13,"22,200",+423,"3,884",38,"10,263",92,"219,091","85,436","2,564,400 ",Africa,97,"10,912",12
109,102,Cyprus,"25,208",,134 ,,"2,057",,"23,017",50,"20,801",111,"790,160","652,010","1,211,883 ",Asia,48,"9,044",2
110,103,Zambia,"23,495",+850,417 ,+5,"19,672",+146,"3,406",,"1,260",22,"650,563","34,893","18,644,776 ",Africa,794,"44,712",29
111,104,Sudan,"23,316",,"1,468 ",,"13,524",,"8,324",,525,33,,,"44,369,852 ",Africa,"1,903","30,225",
112,105,Ivory Coast,"22,963",+108,138 ,,"22,212",+58,613,,860,5,"267,276","10,007","26,710,043 ",Africa,"1,163","193,551",100
113,106,Uruguay,"22,104",,217 ,,"15,919",,"5,968",73,"6,352",62,"667,116","191,703","3,479,943 ",South America,157,"16,037",5
114,107,Senegal,"20,156",+192,433 ,+5,"17,782",+92,"1,941",23,"1,188",26,"278,842","16,434","16,967,752 ",Africa,842,"39,186",61
115,108,Mozambique,"19,667",+125,172 ,+1,"17,141",+72,"2,354",,620,5,"279,453","8,816","31,699,036 ",Africa,"1,612","184,297",113
116,109,DRC,"18,487",+239,599 ,,"14,723",,"3,165",,203,7,,,"90,938,078 ",Africa,"4,919","151,816",
117,110,Angola,"17,864",+108,413 ,+3,"11,477",+101,"5,974",11,535,12,"174,111","5,216","33,382,883 ",Africa,"1,869","80,830",192
118,111,Zimbabwe,"17,804",+610,431 ,+13,"11,966",+153,"5,407",,"1,189",29,"210,915","14,086","14,973,696 ",Africa,841,"34,742",71
119,112,Madagascar,"17,767",,262 ,,"17,298",,207,16,633,9,"101,223","3,608","28,052,316 ",Africa,"1,579","107,070",277
120,113,French Polynesia,"17,088",,121 ,,"4,842",,"12,125",20,"60,651",429,"26,355","93,542","281,745 ",Australia/Oceania,16,"2,328",11
121,114,Botswana,"15,440",,45 ,,"12,481",,"2,914",1,"6,499",19,"553,859","233,122","2,375,831 ",Africa,154,"52,796",4
122,115,Mauritania,"14,981",,367 ,,"12,639",,"1,975",65,"3,180",78,"127,287","27,015","4,711,658 ",Africa,315,"12,838",37
123,116,Maldives,"13,967",+37,48 ,,"13,225",+8,694,29,"25,608",88,"331,167","607,192","545,407 ",Asia,39,"11,363",2
124,117,Guinea,"13,845",,81 ,,"13,199",,565,24,"1,040",6,"108,411","8,143","13,313,381 ",Africa,962,"164,363",123
125,118,French Guiana,"13,632",+135,73 ,+1,"9,995",,"3,564",4,"45,048",241,"106,851","353,098","302,610 ",South America,22,"4,145",3
126,119,Malta,"13,612",+224,227 ,+1,"11,540",+80,"1,845",18,"30,786",513,"530,223","1,199,193","442,150 ",Europe,32,"1,948",1
127,120,Jamaica,"13,330",+84,306 ,+1,"11,182",+76,"1,842",7,"4,491",103,"141,945","47,828","2,967,833 ",North America,223,"9,699",21
128,121,Tajikistan,"13,305",,90 ,,"13,111",+51,104,,"1,379",9,,,"9,646,651 ",Asia,725,"107,185",
129,122,Cuba,"13,165",+201,148 ,+1,"11,248",+212,"1,769",20,"1,163",13,"1,542,178","136,198","11,323,038 ",North America,860,"76,507",7
130,123,Cabo Verde,"12,052",+69,113 ,,"11,633",+25,306,23,"21,557",202,"107,817","192,845","559,087 ",Africa,46,"4,948",5
131,124,Syria,"11,988",+98,747 ,+6,"5,753",+67,"5,488",,677,42,,,"17,716,669 ",Asia,"1,478","23,717",
132,125,Belize,"11,018",,258 ,,"10,230",,530,3,"27,455",643,"60,492","150,735","401,313 ",North America,36,"1,555",7
133,126,Eswatini,"10,539",+201,261 ,+9,"7,254",+120,"3,024",67,"9,036",224,"96,091","82,387","1,166,333 ",Africa,111,"4,469",12
134,127,Haiti,"10,127",,236 ,,"8,672",,"1,219",,883,21,"42,080","3,667","11,473,821 ",North America,"1,133","48,618",273
135,128,Gabon,"9,605",,66 ,,"9,415",,124,7,"4,264",29,"378,048","167,840","2,252,433 ",Africa,235,"34,128",6
136,129,Thailand,"9,331",+365,66 ,+1,"4,418",+21,"4,847",1,134,0.9,"1,217,873","17,425","69,890,429 ",Asia,"7,490","1,058,946",57
137,130,Réunion,"9,173",+55,42 ,,"8,706",,425,4,"10,208",47,"61,124","68,021","898,601 ",Africa,98,"21,395",15
138,131,Hong Kong,"9,075",+25,154 ,+1,"8,201",+74,720,43,"1,205",20,"5,548,765","737,057","7,528,269 ",Asia,830,"48,885",1
139,132,Rwanda,"9,058",+103,112 ,+2,"6,940",+62,"2,006",,691,9,"750,081","57,191","13,115,290 ",Africa,"1,448","117,101",17
140,133,Guadeloupe,"8,776",,154 ,,"2,242",,"6,380",3,"21,931",385,"105,991","264,872","400,159 ",North America,46,"2,598",4
141,134,Andorra,"8,348",+40,84 ,,"7,615",+30,649,15,"107,954","1,086","180,088","2,328,855","77,329 ",Europe,9,921,0
142,135,Bahamas,"7,945",+17,175 ,,"6,277",+17,"1,493",1,"20,105",443,"53,516","135,424","395,175 ",North America,50,"2,258",7
143,136,Mali,"7,395",+46,285 ,+1,"5,110",+40,"2,000",,360,14,"136,739","6,655","20,546,127 ",Africa,"2,778","72,092",150
144,137,Burkina Faso,"7,342",,86 ,,"5,443",,"1,813",,346,4,,,"21,193,780 ",Africa,"2,887","246,439",
145,138,Trinidad and Tobago,"7,196",+10,127 ,,"6,744",+9,325,3,"5,133",91,"74,625","53,234","1,401,827 ",North America,195,"11,038",19
146,139,Malawi,"7,110",,199 ,,"5,753",,"1,158",4,367,10,"88,638","4,573","19,380,809 ",Africa,"2,726","97,391",219
147,140,Congo,"7,107",,108 ,,"5,846",,"1,153",,"1,272",19,"72,766","13,024","5,587,081 ",Africa,786,"51,732",77
148,141,Suriname,"6,586",,125 ,,"5,967",,494,10,"11,175",212,"27,951","47,428","589,334 ",South America,89,"4,715",21
149,142,Guyana,"6,407",,166 ,,"5,948",,293,5,"8,125",211,"39,324","49,871","788,509 ",South America,123,"4,750",20
150,143,Nicaragua,"6,097",,166 ,,"4,225",,"1,706",,915,25,,,"6,664,986 ",North America,"1,093","40,151",
151,144,Martinique,"6,091",,43 ,,98,,"5,950",4,"16,238",115,"75,034","200,030","375,114 ",North America,62,"8,724",5
152,145,Mayotte,"6,045",,56 ,,"2,964",,"3,025",4,"21,889",203,"37,719","136,584","276,160 ",Africa,46,"4,931",7
153,146,Djibouti,"5,855",+1,61 ,,"5,758",+6,36,,"5,882",61,"101,694","102,168","995,356 ",Africa,170,"16,317",10
154,147,Iceland,"5,832",+21,29 ,,"5,676",+5,127,,"17,034",85,"444,903","1,299,427","342,384 ",Europe,59,"11,806",1
155,148,Aruba,"5,716",,50 ,,"5,237",,429,4,"53,421",467,"69,522","649,738","107,000 ",North America,19,"2,140",2
156,149,Equatorial Guinea,"5,286",+7,86 ,,"5,154",+11,46,,"3,706",60,"77,991","54,683","1,426,243 ",Africa,270,"16,584",18
157,150,CAR,"4,963",,63 ,,"1,924",,"2,976",2,"1,019",13,"32,711","6,713","4,872,666 ",Africa,982,"77,344",149
158,151,Somalia,"4,714",,130 ,,"3,612",,972,,292,8,,,"16,117,867 ",Africa,"3,419","123,984",
159,152,Curaçao,"4,342",,16 ,,"3,320",,"1,006",4,"26,405",97,"36,985","224,916","164,439 ",North America,38,"10,277",4
160,153,Gambia,"3,812",,125 ,,"3,677",,10,1,"1,555",51,"30,094","12,278","2,451,060 ",Africa,643,"19,608",81
161,154,Togo,"3,807",+37,70 ,+1,"3,544",+29,193,,454,8,"183,330","21,884","8,377,378 ",Africa,"2,201","119,677",46
162,155,South Sudan,"3,589",,63 ,,"3,131",,395,2,319,6,"77,161","6,852","11,261,057 ",Africa,"3,138","178,747",146
163,156,Niger,"3,557",+57,112 ,+2,"2,152",+91,"1,293",3,144,5,"64,215","2,605","24,647,560 ",Africa,"6,929","220,068",384
164,157,Benin,"3,304",,44 ,,"3,185",,75,,269,4,"396,208","32,253","12,284,297 ",Africa,"3,718","279,189",31
165,158,Lesotho,"3,206",,65 ,,"1,496",,"1,645",,"1,490",30,"33,345","15,502","2,150,986 ",Africa,671,"33,092",65
166,159,Channel Islands,"3,194",+30,67 ,,"2,756",,371,10,"18,284",384,"274,437","1,571,021","174,687 ",Europe,55,"2,607",1
167,160,Gibraltar,"2,798",+172,11 ,+1,"1,579",+49,"1,208",71,"83,061",327,"128,667","3,819,599","33,686 ",Europe,12,"3,062",0
168,161,Sierra Leone,"2,739",+15,76 ,,"1,929",+5,734,,340,9,,,"8,059,665 ",Africa,"2,943","106,048",
169,162,San Marino,"2,549",,62 ,,"2,158",,329,10,"75,041","1,825","27,735","816,504","33,968 ",Europe,13,548,1
170,163,Guinea-Bissau,"2,455",,45 ,,"2,398",,12,5,"1,233",23,"37,546","18,852","1,991,647 ",Africa,811,"44,259",53
171,164,Chad,"2,328",+39,105 ,,"1,888",+12,335,,140,6,,,"16,664,505 ",Africa,"7,158","158,710",
172,165,Liechtenstein,"2,295",+49,48 ,+3,"2,005",,242,16,"60,102","1,257","20,649","540,762","38,185 ",Europe,17,796,2
173,166,New Zealand,"2,186",,25 ,,"2,100",,61,,437,5,"1,419,361","283,753","5,002,100 ",Australia/Oceania,"2,288","200,084",4
174,167,Yemen,"2,102",+1,610 ,,"1,403",+2,89,23,70,20,"17,404",577,"30,160,336 ",Asia,"14,348","49,443","1,733"
175,168,Liberia,"1,779",,83 ,,"1,406",,290,2,348,16,"39,870","7,790","5,118,119 ",Africa,"2,877","61,664",128
176,169,Vietnam,"1,505",+1,35 ,,"1,353",+14,117,,15,0.4,"1,431,631","14,640","97,788,823 ",Asia,"64,976","2,793,966",68
177,170,Sint Maarten,"1,504",,27 ,,"1,385",,92,3,"34,875",626,"10,242","237,490","43,126 ",North America,29,"1,597",4
178,171,Eritrea,"1,445",,3 ,,740,,702,,405,0.8,"23,693","6,634","3,571,564 ",Africa,"2,472","1,190,521",151
179,172,Mongolia,"1,349",+41,2 ,,887,+3,460,9,408,0.6,"677,286","204,910","3,305,287 ",Asia,"2,450","1,652,644",5
180,173,Sao Tome and Principe,"1,025",+1,17 ,,987,,21,,"4,633",77,"7,498","33,891","221,236 ",Africa,216,"13,014",30
181,174,Saint Martin,"1,025",+30,12 ,,855,,158,7,"26,280",308,"12,433","318,770","39,003 ",North America,38,"3,250",3
182,175,Comoros,995,,13 ,,759,,223,,"1,132",15,,,"879,035 ",Africa,883,"67,618",
183,176,Monaco,978,+31,3 ,,773,+10,202,1,"24,832",76,"51,953","1,319,106","39,385 ",Europe,40,"13,128",1
184,177,Turks and Caicos,918,,6 ,,795,,117,2,"23,548",154,"11,984","307,400","38,985 ",North America,42,"6,498",3
185,178,Burundi,842,,2 ,,687,,153,,70,0.2,"76,962","6,376","12,069,929 ",Africa,"14,335","6,034,965",157
186,179,Taiwan,819,+2,7 ,,700,+3,112,,34,0.3,"129,393","5,428","23,839,047 ",Asia,"29,108","3,405,578",184
187,180,Papua New Guinea,799,,9  ,,755,,35,,88,1.0,"39,761","4,402","9,033,502 ",Australia/Oceania,"11,306","1,003,722",227
188,181,Bhutan,755,+21, ,,456,,299,,973,,"310,042","399,555","775,969 ",Asia,"1,028",,3
189,182,Diamond Princess,712,,13 ,,699,,0,,,,,, ,,,,
190,183,Barbados,692,+49,7 ,,324,,361,1,"2,406",24,"75,889","263,909","287,557 ",North America,416,"41,080",4
191,184,Faeroe Islands,640,+14,1 ,+1,579,+11,60,1,"13,072",20,"205,976","4,207,112","48,959 ",Europe,76,"48,959",0
192,185,Bermuda,632,,11 ,,522,,99,4,"10,167",177,"146,342","2,354,317","62,159 ",North America,98,"5,651",0
193,186,Mauritius,531,,10 ,,513,,8,,417,8,"289,552","227,482","1,272,859 ",Africa,"2,397","127,286",4
194,187,Tanzania,509,,21 ,,183,,305,7,8,0.3,,,"60,595,812 ",Africa,"119,049","2,885,515",
195,188,Isle of Man,389,+3,25 ,,349,,15,,"4,562",293,"22,289","261,409","85,265 ",Europe,219,"3,411",4
196,189,Cambodia,383,+1, ,,362,,21,,23,,"341,480","20,281","16,837,491 ",Asia,"43,962",,49
197,190,Saint Lucia,382,+2,5 ,,292,,85,,"2,075",27,"20,191","109,698","184,060 ",North America,482,"36,812",9
198,191,Seychelles,373,+19,1 ,,228,+4,144,,"3,781",10,"5,200","52,706","98,661 ",Africa,265,"98,661",19
199,192,Cayman Islands,350,,2 ,,305,,43,1,"5,294",30,"61,328","927,554","66,118 ",North America,189,"33,059",1
200,193,Caribbean Netherlands,249,,3 ,,181,,65,,"9,450",114,"4,453","169,007","26,348 ",North America,106,"8,783",6
201,194,St. Barth,206,+16,1 ,,172,,33,,"20,823",101,"8,518","861,013","9,893 ",North America,48,"9,893",1
202,195,Brunei ,172,,3 ,,149,,20,,391,7,"83,920","190,887","439,632 ",Asia,"2,556","146,544",5
203,196,Antigua and Barbuda,160,,5 ,,148,,7,1,"1,627",51,"6,651","67,629","98,346 ",North America,615,"19,669",15
204,197,St. Vincent Grenadines,133,, ,,100,,33,,"1,197",,"21,273","191,438","111,122 ",North America,836,,5
205,198,Grenada,127,,1 ,,107,,19,,"1,126",9,"6,781","60,120","112,792 ",North America,888,"112,792",17
206,199,Dominica,105,+17, ,,93,+10,12,,"1,457",,"7,844","108,827","72,078 ",North America,686,,9
207,200,British Virgin Islands,97,,1 ,,84,,12,,"3,198",33,"13,223","435,899","30,335 ",North America,313,"30,335",2
208,201,Fiji,53,+4,2 ,,44,,7,,59,2,"19,883","22,097","899,789 ",Australia/Oceania,"16,977","449,895",45
209,202,Timor-Leste,49,, ,,37,,12,,37,,"16,885","12,684","1,331,257 ",Asia,"27,169",,79
210,203,Macao,46,, ,,46,,0,,70,,"4,238","6,481","653,870 ",Asia,"14,215",,154
211,204,Laos,41,, ,,40,,1,,6,,"93,619","12,773","7,329,614 ",Asia,"178,771",,78
212,205,New Caledonia,40,, ,,38,,2,,139,,"19,069","66,464","286,908 ",Australia/Oceania,"7,173",,15
213,206,Saint Kitts and Nevis,33,, ,,31,,2,,618,,"5,593","104,752","53,393 ",North America,"1,618",,10
214,207,Falkland Islands,29,, ,,17,,12,,"8,213",,"5,467","1,548,287","3,531 ",South America,122,,1
215,208,Greenland,28,, ,,25,,3,,493,,"15,931","280,372","56,821 ",North America,"2,029",,4
216,209,Vatican City,27,, ,,15,,12,,"33,666",,,,802 ,Europe,30,,
217,210,Solomon Islands,17,, ,,10,,7,,24,,"4,500","6,471","695,441 ",Australia/Oceania,"40,908",,155
218,211,Saint Pierre Miquelon,16,, ,,15,+1,1,,"2,769",,"3,246","561,689","5,779 ",North America,361,,2
219,212,Anguilla,15,, ,,13,,2,,995,,"5,337","354,100","15,072 ",North America,"1,005",,3
220,213,Montserrat,13,,1 ,,12,,0,,"2,603",200,626,"125,350","4,994 ",North America,384,"4,994",8
221,214,Western Sahara,10,,1 ,,8,,1,,17,2,,,"604,799 ",Africa,"60,480","604,799",
222,215,MS Zaandam,9,,2 ,,7,,0,,,,,, ,,,,
223,216,Marshall Islands,4,, ,,4,,0,,67,,,,"59,396 ",Australia/Oceania,"14,849",,
224,217,Wallis and Futuna,4,, ,,1,,3,,359,,"1,149","103,179","11,136 ",Australia/Oceania,"2,784",,10
225,218,Samoa,2,, ,,2,,0,,10,,,,"199,093 ",Australia/Oceania,"99,547",,
226,219,Vanuatu,1,, ,,1,,0,,3,,,,"310,794 ",Australia/Oceania,"310,794",,
227,220,China,"87,215",+32,"4,634 ",,"82,138",+21,443,14,61,3,"160,000,000","111,163","1,439,323,776 ",Asia,"16,503","310,601",9
